priority,practice_name,suburb,website_url,website_verified(yes/no + how),public_phone,public_contact_route(form URL or published business email),online_booking(provider or none seen),observed_problem,evidence_url,confidence(high/med/low),source_and_date,offer_fit(receptionist | website | none),personalised_opening,crm_lead_id(or blank),notes
1,Dundas Dental,Dundas,http://www.dundasdental.com.au/index.html,"yes - name+phone match, fetched homepage",+61 2 9871 1110,phone only (no email/form found on site),none seen,Site is unrewritten since 2018 (Last-Modified header + visible footer '© Copyright Dundas Dental 2018'); XHTML 1.0 Transitional doctype; no viewport meta tag in the HTML (not mobile-responsive); no <form> tag anywhere on the page; no online booking link.,http://www.dundasdental.com.au/index.html,high,CRM lead #194 (AgenticOS-v4 crm.sqlite) + direct fetch 27 Sep 2026,website,(Website fit only: not on the receptionist call list.),194,"Old-style image-slider site, phone-only contact, strongest 'website' fit in the batch."
1,Golden Smile Denture Clinic (St Marys),St Marys,https://goldensmiledentureclinic.au/,"yes - name+suburb match (site lists St Marys location), fetched homepage",+61 2 9711 3272,contact form via 'FREE QUOTES!' link on https://goldensmiledentureclinic.au/,none seen,"Home page has no online booking and no visible enquiry form beyond a 'free quotes' link through to a separate contact page; stated hours are Mon-Sat 9am-6pm with Sunday closed and no after-hours or emergency instructions; footer still reads '© Copyright 2023', a year out of date.",https://goldensmiledentureclinic.au/,high,CRM lead #285 (AgenticOS-v4 crm.sqlite) + direct fetch 27 Sep 2026,receptionist,"Hi, it's Usman from M&U Ventures in Mount Druitt. I saw your St Marys clinic takes bookings by phone, Monday to Saturday 9 to 6, and wanted to ask which of your calls you'd want answered and booked: after hours, when the desk is busy, or alongside your team.",285,CRM website field was a location sub-page URL; verified the practice's own domain resolves and matches. Two locations (Cabramatta West + St Marys); St Marys is the Western Sydney site.
1,St Marys Dental & Periodontics,St Marys,https://stmarysdentalsurgery.com.au/,"yes - name (197A Queen Street, St Marys NSW 2760) matches CRM listing 'Dental Surgery St Marys', fetched homepage",(02) 9623 3908,contact form referenced via 'Talk to our friendly team' link on https://stmarysdentalsurgery.com.au/,none seen,No online booking system found on the site; phone number is the primary call to action; no after-hours or emergency instructions shown on the pages fetched; practice hours are referenced but not shown inline (visitor must click through).,https://stmarysdentalsurgery.com.au/,high,CRM lead #284 (AgenticOS-v4 crm.sqlite) + direct fetch 27 Sep 2026,receptionist,"Hi, it's Usman from M&U Ventures in Mount Druitt. Just up the road in St Marys, I saw the phone is the main way to book with you, and wanted to ask which of your calls you'd want answered and booked: after hours, when the desk is busy, or alongside your team.",284,"Western Sydney independent practice, close to Mount Druitt. Phone on the live site ((02) 9623 3908) differs from the CRM's blank phone field — used the verified site number."
1,The Friendly Dentist,Blacktown area,http://www.thefriendlydentist.com.au/,yes - fetched homepage over HTTP (title 'Dental Clinic|Invisalign|Gentle Dentist'); the https:// version fails with a certificate hostname mismatch,(02) 8966 9579,phone only (no enquiry form found on pages fetched),none seen,The https:// address returns a TLS certificate error — 'Hostname/IP does not match certificate's altnames: Host: www.thefriendlydentist.com.au is not in the cert's altnames: DNS:server.kayweb.com.au' — so a visitor typing the secure address or following a bookmarked https link gets a browser security warning; the plain http:// version loads but has no online booking or contact form found.,http://www.thefriendlydentist.com.au/,high,CRM lead #381 (AgenticOS-v4 crm.sqlite) + direct fetch 27 Sep 2026 (curl -v against both http and https),website,(Website fit only: not on the receptionist call list.),381,"Genuine technical fault (mismatched TLS cert), not a style opinion — good honest opener."
2,Dental Care Plus (Randwick Dentists),Randwick,https://www.dentalcareplus.com.au/,"yes - name+address '1/45 Belmore Rd Randwick NSW 2031' on page, fetched homepage",(02) 9398 4985,phone only (no contact form found on pages fetched),none seen,"No viewport meta tag found in the page HTML (not mobile-responsive); footer reads 'Copyright © 2012 Dental Care Plus' — 14 years without an update; no online booking or contact form seen on the home page; single independent practice, no chain branding.",https://www.dentalcareplus.com.au/,high,CRM lead #218 (AgenticOS-v4 crm.sqlite) + direct fetch 27 Sep 2026 (curl HTML check for viewport),website,(Website fit only: not on the receptionist call list.),218,Independent single-location practice.
2,Senior Denture Clinic Penrith,Penrith,https://www.seniordentureclinicpenrith.com/,"yes - name+address 'Shop 1/461 High Street Penrith' on page, fetched homepage",02 4704 8477,phone/email only (no enquiry form found on pages fetched),none seen,"No online booking and no contact form on the home page — contact is phone/email only; site is built on jQuery 1.x (an old, superseded library version, seen in the page's script tags); open Monday-Saturday with no after-hours instructions given.",https://www.seniordentureclinicpenrith.com/,high,CRM lead #8 (AgenticOS-v4 crm.sqlite) + direct fetch 27 Sep 2026,receptionist,"Hi, it's Usman from M&U Ventures in Mount Druitt. Just down the road in Penrith, I saw bookings come in by phone or email, Monday to Saturday, and wanted to ask which of your calls you'd want answered and booked: after hours, when the desk is busy, or alongside your team.",8,Priority Western Sydney area per owner's location.
2,Advanced Dentistry (Epping),Epping,https://advanceddentistry.com.au/,"yes - name+address '35 Beecroft Rd Epping NSW 2121' on page, fetched homepage",(02) 9876 1333,phone only (no contact form found on pages fetched),none seen,No online booking system and no contact/enquiry form found on the home page; hours are Monday-Friday 9am-5:30pm with no after-hours or emergency instructions shown; footer copyright has no year shown at all.,https://advanceddentistry.com.au/,med,CRM lead #175 (AgenticOS-v4 crm.sqlite) + direct fetch 27 Sep 2026,receptionist,"Hi, it's Usman from M&U Ventures in Mount Druitt. I saw your phones are how patients book, Monday to Friday 9 to 5:30, and wanted to ask which of your calls you'd want answered and booked: after hours, when the desk is busy, or alongside your team.",175,
2,Dentists Manly — Dr Pechar and Associates,Manly,https://www.dentistsmanly.com.au/,"yes - name 'Dr Pechar and Associates' + address 'Shop 6, 2-10 Pittwater Rd Manly NSW 2095' on page, fetched homepage",(02) 9977 3374,contact@dentistsmanly.com.au (no contact form found on pages fetched),none seen,"No online booking system found; contact is by phone or a published email address only, no web form; the site does mention same-day emergency appointment slots but gives no after-hours instruction for when the phone isn't answered.",https://www.dentistsmanly.com.au/,med,CRM lead #231 (AgenticOS-v4 crm.sqlite) + direct fetch 27 Sep 2026,receptionist,"Hi, it's Usman from M&U Ventures in Mount Druitt. I saw you offer same-day emergency appointments and take bookings by phone, and wanted to ask which of your calls you'd want answered and booked: after hours, when the desk is busy, or alongside your team.",231,
2,Tulip Dental (Bella Vista),Bella Vista,https://tulipdental.com.au/,"yes - name+address 'Suite F126 24 Lexington Drive Bella Vista NSW 2153' on page, fetched homepage",02 8809 4039,phone only (no contact form found on pages fetched),none seen,"No online booking and no contact/enquiry form on the home page; Tuesday and Thursday are marked '(by Appointment only)' with restricted hours '9:30am - 2:00pm', a narrow window that a phone-only contact route makes easy to miss.",https://tulipdental.com.au/,med,CRM lead #390 (AgenticOS-v4 crm.sqlite) + direct fetch 27 Sep 2026,receptionist,"Hi, it's Usman from M&U Ventures in Mount Druitt. I saw Tuesdays and Thursdays are by appointment, 9:30 to 2, with bookings by phone, and wanted to ask which of your calls you'd want answered and booked: after hours, when the desk is busy, or alongside your team.",390,
2,Penshurst Dental,Penshurst,https://www.penshurstdental.com.au/,"yes - name+address '64 Penshurst Street, Penshurst NSW 2222' on page, fetched homepage",02 9570 8647,email enquiry form on https://www.penshurstdental.com.au/,YouCanBook.me (third-party),"Navigation is built from image files (.gif) rather than modern CSS, several of the dropdown/arrow images are broken links, and the layout reads as early-2000s web design; the footer copyright shows a broken date range '2010-2042' (a script bug showing a year 16 years in the future).",https://www.penshurstdental.com.au/,med,CRM lead #316 (AgenticOS-v4 crm.sqlite) + direct fetch 27 Sep 2026,website,(Website fit only: not on the receptionist call list.),316,"Already has YouCanBook.me booking, so this is a visual/technical redesign case, not a missed-enquiry case."
2,Manly Dental Care,Manly,https://manlydentalcare.com.au/,"yes - name+address '2/53 East Esplanade, Manly NSW 2095' on page, fetched homepage",(02) 9977 1674,'Ask a Question' form at /ask-a-question/ on https://manlydentalcare.com.au/,yes - 'Make an Appointment' link (provider not disclosed on the page fetched),Footer reads '© Copyright 2015' — the site appears not to have been updated in roughly a decade even though booking and an enquiry form exist; no after-hours or emergency instructions found on the homepage.,https://manlydentalcare.com.au/,med,CRM lead #188 (AgenticOS-v4 crm.sqlite) + direct fetch 27 Sep 2026,website,(Website fit only: not on the receptionist call list.),188,"Already has booking + a contact form, so this is a design/redesign case rather than a missed-enquiry case."
2,Belfield Dental,Belfield,https://www.belfielddental.com.au/,"yes - name+address 'Shop 3/37-39 Burwood Road, Belfield NSW 2191' on page, fetched homepage",(02) 9642 0777,info@belfielddental.com.au (no web form found on pages fetched),none seen,"No online booking system found; the phone number is shown as plain text rather than a tap-to-call link; contact beyond phone is a published email address only, no enquiry form.",https://www.belfielddental.com.au/,med,CRM lead #327 (AgenticOS-v4 crm.sqlite) + direct fetch 27 Sep 2026,receptionist,"Hi, it's Usman from M&U Ventures in Mount Druitt. I saw bookings with you come in by phone, and wanted to ask which of your calls you'd want answered and booked: after hours, when the desk is busy, or alongside your team.",327,Site returned HTTP 403 to a plain scripted fetch but loaded normally through a standard fetch tool — noted in case it also blocks some browsers/crawlers.
2,Fiveways Dental Practice,Paddington,https://www.5waysdental.com.au/,"yes - name+address '228A Glenmore Road, Paddington NSW 2021' on page, fetched homepage",(02) 9331 1692,phone only (no contact form found on pages fetched),none seen,No online booking system and no contact/enquiry form found on the home page; footer shows 'Copyright 2019' — six years without an update; hours are Mon-Fri 8:30am-5pm and Sat 8:30am-1pm with no after-hours or emergency instructions shown.,https://www.5waysdental.com.au/,med,CRM lead #339 (AgenticOS-v4 crm.sqlite) + direct fetch 27 Sep 2026,receptionist,"Hi, it's Usman from M&U Ventures in Mount Druitt. I saw you take bookings by phone, weekdays 8:30 to 5 and Saturday mornings, and wanted to ask which of your calls you'd want answered and booked: after hours, when the desk is busy, or alongside your team.",339,
3,Gordon Dental Practice,Gordon,https://gordondentalpractice.com.au/,"yes - name+address '1 Park Avenue, Gordon NSW 2072' on page, fetched homepage",(02) 9498 6652,"reception@gordondentalpractice.com.au (a <form> tag is present on the page, likely the contact form)",none seen,No online booking system found; hours are split and limited — 'Mon-Thursday 8am-5pm' and 'Mon-Friday 8am to 1pm' as separately listed lines (unclear/contradictory as displayed) — with a mobile emergency number given as the after-hours option rather than any online alternative.,https://gordondentalpractice.com.au/,low,CRM lead #227 (AgenticOS-v4 crm.sqlite) + direct fetch 27 Sep 2026,receptionist,"Hi, it's Usman from M&U Ventures in Mount Druitt. I saw bookings come in by phone, with a mobile for emergencies after hours, and wanted to ask which of your calls you'd want answered and booked: after hours, when the desk is busy, or alongside your team.",227,Weaker evidence: a <form> tag was detected on the page so an enquiry form may already exist — confirm on the call before leading with 'no form'.
3,Bio Dental Care,Cronulla / Kirrawee,https://biodentalcare.com.au/,"yes - two addresses (Cronulla + Kirrawee) on page, fetched homepage",02 9521 1383 (Kirrawee) / 02 9523 8986 (Cronulla),contact form referenced on https://biodentalcare.com.au/,none seen,"No online booking system found across either location's pages; the site's own footer credits its designer with 'Copyright©2022', three years old; two locations rely on the same phone-only pattern.",https://biodentalcare.com.au/,low,CRM lead #313 (AgenticOS-v4 crm.sqlite) + direct fetch 27 Sep 2026,receptionist,"Hi, it's Usman from M&U Ventures in Mount Druitt. I saw both your locations take bookings by phone, and wanted to ask which of your calls you'd want answered and booked: after hours, when the desk is busy, or alongside your team.",313,"Two-location practice — check it's still independent, not a small group, before the call."
3,Northern Beaches Denture Clinic & Laboratory,Forestville / Mona Vale,https://northernbeachesdentureclinic.com.au/,"yes - two addresses (Forestville + Mona Vale) on page, fetched homepage",02 9451 9590,contact page at https://northernbeachesdentureclinic.com.au/contact/ (form contents not confirmed on the fetch),none seen,No online booking system found; no after-hours or emergency instructions found on the homepage; contact appears to rely on the two phone numbers shown.,https://northernbeachesdentureclinic.com.au/,low,CRM lead #253 (AgenticOS-v4 crm.sqlite) + direct fetch 27 Sep 2026,receptionist,"Hi, it's Usman from M&U Ventures in Mount Druitt. I saw both your locations take bookings by phone, and wanted to ask which of your calls you'd want answered and booked: after hours, when the desk is busy, or alongside your team.",253,Footer copyright shows the current year (2026) so the site is at least being maintained; weakest evidence in the list — verify the contact form on the call.
